ID,Question,Original Answer,LLM Answer,Cosine Similarity
79e59ca0,What are some of the key advantages of using continuous glucose monitoring for diabetes management compared to traditional finger-prick testing?,"Answer: CGM offers several advantages over traditional finger-prick testing. It provides continuous, real-time blood sugar readings, allowing for more frequent monitoring and a better understanding of glucose fluctuations. This continuous data allows for more proactive adjustments to lifestyle and medication, leading to improved blood sugar control and reduced risk of complications.","The use of continuous glucose monitoring (CGM) offers a more comprehensive and convenient approach to diabetes management compared to traditional finger-prick testing. CGM provides real-time, continuous data on blood sugar levels, allowing for more frequent readings and insights into glucose fluctuations. This enables individuals to make proactive adjustments to their lifestyle and medication, leading to improved blood sugar control and a reduced risk of diabetes-related complications. Additionally, CGM eliminates the need for frequent finger-prick tests, making it a less intrusive and more convenient option.",0.89832205
d3c48009,Is there a difference in recommended physical activity levels between adults and children with diabetes?,"Yes, adults with diabetes should aim for 30 to 60 minutes of activity most days of the week, while children and adolescents with type 2 diabetes should aim for 60 minutes daily.","For adults with diabetes, it is recommended to engage in 30 to 60 minutes of physical activity most days of the week. This can include aerobic exercises like brisk walking, swimming, or cycling, as well as muscle-strengthening exercises such as weightlifting or resistance training. On the other hand, children and adolescents with type 2 diabetes should aim for 60 minutes of daily physical activity. This can include similar aerobic and muscle-strengthening exercises, but also incorporate playful activities like running, jumping rope, or playing sports. These guidelines are essential for managing blood sugar levels and overall health.",0.8306459
1f4854cd,Can quitting smoking reverse the negative health effects of diabetes?,"While quitting smoking cannot completely reverse the damage already done, it can significantly slow down the progression of complications and improve overall health. It also reduces the risk of developing new complications.","Quitting smoking cannot reverse the damage caused by diabetes, but it significantly improves overall health and slows down the progression of complications. The benefits include a reduced risk of heart disease, stroke, nerve damage, and other long-term complications such as amputations, blindness, and kidney failure.",0.7743866
a28a7582,"What are some considerations for managing diabetes during pregnancy, both for the mother and the developing baby?","Close collaboration with a healthcare team, frequent blood glucose monitoring, insulin or medication adjustments, and a healthy diet are essential for managing diabetes during pregnancy to minimize risks to both mother and baby.","Optimal blood glucose control is crucial for the well-being of both the mother and the developing baby. Close collaboration with a healthcare team, frequent blood glucose monitoring, insulin or medication adjustments, healthy dietary and lifestyle choices, and regular check-ups are essential components of diabetes management during pregnancy.",0.8893909
dfbb0e9c,What specific actions can individuals with diabetes take to advocate for their own well-being during a healthcare visit?,"Answer: Individuals with diabetes can advocate for themselves by coming prepared with questions, actively participating in discussions, openly expressing concerns, and seeking clarification on any aspect of their diabetes management plan.","Individuals with diabetes can empower themselves by actively participating in their healthcare journey. This includes preparing questions, engaging in discussions, expressing concerns, and seeking clarification on their diabetes management plan during healthcare visits. Staying informed, following recommendations, and practicing self-management are also key aspects of self-advocacy.",0.81226474
197a72d4,How can individuals with diabetes prepare for potential complications during travel?,"Answer: Packing emergency snacks, carrying medical identification, and being aware of local healthcare resources can help mitigate potential complications during travel.","Individuals with diabetes can ensure a safe and comfortable journey by taking necessary precautions such as carrying essential diabetes supplies and emergency snacks, being aware of language barriers and healthcare system differences, and staying hydrated during travel.",0.5893644
3ac01469,How can individuals with diabetes maintain a positive body image and self-esteem despite the challenges of living with a chronic condition?,"Focusing on overall health and well-being, engaging in activities that bring joy and fulfillment, and seeking support from loved ones or mental health professionals can promote a positive body image and self-esteem.","Individuals with diabetes can maintain a positive body image and self-esteem by focusing on their overall health and well-being, engaging in enjoyable and fulfilling activities, and seeking support from their support network and mental health professionals when needed.",0.6267815
bb56a41b,How did the Diabetes Prevention Program (DPP) demonstrate the effectiveness of lifestyle changes in preventing type 2 diabetes?,"The DPP showed that individuals at high risk for type 2 diabetes who made modest lifestyle changes, including a 5-7% weight loss through diet and physical activity, significantly reduced their chances of developing the disease.","The Diabetes Prevention Program (DPP) found that individuals at high risk of developing type 2 diabetes could significantly reduce their chances of getting the disease by making modest lifestyle changes, specifically losing 5-7% of their body weight through a combination of dietary adjustments and increased physical activity.",0.8788166
614b7263,Why is it not advisable to engage in physical activity right before bed for individuals taking insulin?,"Physical activity close to bedtime can increase the risk of low blood glucose levels during sleep (nocturnal hypoglycemia) for those taking insulin, as insulin's effects can be prolonged.","Exercising before bed can increase the risk of nocturnal hypoglycemia for insulin users. This is due to the prolonged effects of insulin, which can cause a significant drop in blood sugar levels during sleep.",0.87484217
d6c27d17,What are some common difficulties people face when trying to stick to a diabetes medication schedule?,"Answer:  One of the biggest challenges is simply remembering to take the medication at the right times. Busy schedules, forgetfulness, and distractions can all make it difficult to stay on track.","Forgetting to take medication, high medication costs, insurance limitations, and lack of access to healthcare are common barriers to medication adherence for people with diabetes. Strategies to improve adherence include pill organizers, reminders, simplified regimens, and addressing access and affordability issues. Open communication with healthcare providers is vital to minimizing medication interaction risks.",0.58390975
a32177d1,What are the advantages of using an insulin jet injector for insulin delivery?,"Insulin jet injectors eliminate the need for needles by delivering a fine spray of insulin through the skin using high-pressure air, offering a potentially less painful and more convenient alternative.","Insulin jet injectors offer a needle-free, less painful, and more convenient method of insulin delivery. They use high-pressure air to create a fine spray of insulin that is administered through the skin, providing an alternative to traditional needle-based injections. This can improve ease of use and comfort for those with diabetes.",0.95034623
9eb00bff,What is the primary goal of the Molecular and Clinical Profile of Diabetes Mellitus and Its Complications study?,Answer: The study aims to gain a comprehensive understanding of the molecular and clinical features of diabetes and its associated complications.,"The primary goal of the Molecular and Clinical Profile of Diabetes Mellitus and Its Complications study is to enhance the understanding of the molecular and clinical aspects of diabetes to improve diagnosis, treatment, and prevention, ultimately leading to better health outcomes for patients with this disease.",0.7388743
c833ff25,"How does the 'Tests, Exams, and Vaccines to Get at Least Once or Twice a Year' chart promote proactive healthcare for individuals with diabetes?","Answer: The chart acts as a reminder system, encouraging individuals with diabetes to schedule and keep track of recommended medical checkups and vaccinations, thus promoting a proactive approach to managing their health.","The ""Tests, Exams, and Vaccines to Get at Least Once or Twice a Year"" chart serves as a proactive healthcare tool for individuals with diabetes, providing a checklist of essential medical checkups, tests, and vaccinations. This reminder system encourages patients to take charge of their health, helping them stay organized, detect potential issues early on, and ultimately improve their overall well-being.",0.8098586
2d4c0641,What are some ways to stay informed about current research and advancements in diabetes care?,"Reliable sources of information include the websites of the National Institute of Diabetes and Digestive and Kidney Diseases (NIDDK) (www.diabetes.niddk.nih.gov), the American Diabetes Association (www.diabetes.org), and the Juvenile Diabetes Research Foundation (JDRF) (www.jdrf.org), as well as reputable medical journals and healthcare providers.","To stay informed about current research and advancements in diabetes care, individuals can rely on reputable websites such as the NIDDK, ADA, and JDRF. Additionally, consulting with healthcare providers and staying current with reputable medical journals are also recommended strategies.",0.71985054
ecbeb343,What is the rationale behind recommending low-dose aspirin for diabetes management?,"The rationale behind recommending low-dose aspirin for diabetes management is that individuals with diabetes are more susceptible to cardiovascular problems, and aspirin's blood-thinning properties help reduce the risk of heart disease.","The primary rationale for recommending low-dose aspirin for diabetes management is to reduce the risk of cardiovascular problems, especially heart disease, which individuals with diabetes are more susceptible to.",0.934668
dad72afd,How can individuals with diabetes contribute to diabetes research and advocacy efforts?,"Individuals can contribute by participating in clinical trials, supporting diabetes organizations, sharing their stories, and advocating for policies that improve diabetes care and research funding.","Individuals with diabetes can actively contribute to diabetes research and advocacy efforts by participating in clinical trials, sharing their stories, supporting and volunteering with diabetes organizations, advocating for policy changes, organizing local events, and using social media platforms to raise awareness. These actions help advance research, improve care, and increase education and support for those affected by diabetes.",0.901107
956b914d,What are the key ways that strength training can positively impact blood sugar control in people with diabetes?,"Answer: Strength training helps by improving insulin sensitivity, which means the body uses insulin more effectively to regulate blood sugar levels. It also builds muscle mass, which acts like a sponge for glucose, further aiding in blood sugar management.","Strength training is beneficial for people with diabetes as it improves insulin sensitivity, allowing the body to use insulin more effectively. It also increases muscle mass, which helps with glucose uptake and improves overall physical function, strength, and mobility. Additionally, strength training can reduce the risk of diabetes-related complications and promote healthier bones, weight, balance, and coordination.",0.83403754
feccf62a,What is the benefit of including a pronunciation guide for readers who are new to diabetes terminology?,"The pronunciation guide serves as a valuable resource for readers unfamiliar with diabetes-related medical terms, assisting them in pronouncing these terms correctly and enhancing their overall understanding of the information presented.","The pronunciation guide is a valuable tool for individuals new to diabetes, helping them to accurately and confidently communicate medical terms related to their condition with healthcare professionals, which ultimately improves overall understanding and patient care.",0.9217699
9cf9068e,In what ways can continuous glucose monitoring empower individuals with diabetes to take control of their health?,"Continuous glucose monitoring empowers individuals with diabetes by providing them with the tools and information needed to make informed decisions about their health. By understanding their blood sugar patterns and responses to different factors, they can actively manage their condition and work towards achieving better overall health.","Continuous glucose monitoring empowers individuals with diabetes to take control of their health by providing real-time blood sugar data, allowing for proactive management and tighter blood glucose control. This enables them to make informed decisions about their food intake, physical activity, and medication, ultimately reducing the risk of short- and long-term diabetes-related complications.",0.96085006
ba0e0560,In what ways can community resources and support groups contribute to the well-being of individuals living with diabetes?,"Answer: Community resources and support groups play a crucial role in promoting the well-being of individuals with diabetes by fostering a sense of belonging, providing emotional support to cope with the challenges of the condition, and offering practical guidance and educational opportunities to enhance their understanding and management of diabetes.","Community resources and support groups are essential for individuals with diabetes, offering a sense of belonging, emotional support, practical advice, and educational opportunities. These groups reduce isolation, foster understanding, and empower individuals to advocate for their rights and needs, ultimately enhancing their overall well-being and diabetes management.",0.9520645
93e50e8a,"Besides online resources, where else can individuals find trustworthy information about the latest developments in diabetes management?","Answer: In addition to online resources, consulting with healthcare providers and reading reputable medical journals are excellent ways to stay informed about current research and advancements in diabetes care.","Individuals can consult healthcare professionals, read reputable medical journals, and visit websites of organizations dedicated to diabetes, such as the NIDDK, ADA, and JDRF, to stay informed about the latest developments in diabetes management.",0.79732984
9387f513,What are some common symptoms associated with insulin resistance?,"Answer:  Insulin resistance often goes unnoticed in its early stages. However, some common symptoms include increased thirst, frequent urination, excessive hunger, unexplained weight loss, fatigue, and blurred vision.  If you experience any of these symptoms, it's important to consult a healthcare professional.","Some of the most common symptoms associated with insulin resistance include increased thirst, frequent urination, fatigue, blurred vision, and unexplained weight loss. It is important to consult a healthcare professional if you are experiencing any of these symptoms.",0.9394036
2b0e2887,How can open communication with a healthcare team help individuals with diabetes manage their emotional well-being?,"Answer:  Openly discussing feelings of sadness or stress with a healthcare team allows for a comprehensive understanding of the individual's needs. This communication can lead to appropriate interventions, such as counseling or stress management strategies, which can help individuals cope with the emotional challenges associated with diabetes.","Open communication with a healthcare team is vital for individuals with diabetes as it allows for a holistic understanding of their needs and emotional well-being. By sharing feelings of sadness or stress, healthcare providers can offer tailored support, such as counseling or stress management strategies, improving overall health and diabetes management. Effective communication empowers individuals to ask questions, express concerns, and advocate for personalized treatment plans, ensuring better outcomes and emotional resilience.",0.8109077
4656ec26,Is there a connection between engaging in fulfilling activities and maintaining a positive self-image for individuals living with diabetes?,"Answer: Yes, engaging in activities that bring joy and fulfillment can contribute to a positive self-image and self-esteem for individuals with diabetes, alongside focusing on overall health and well-being and seeking support when needed.","For individuals with diabetes, engaging in fulfilling activities, focusing on overall health and well-being, and seeking social support are key strategies for maintaining a positive self-image and body image, fostering self-esteem, and effectively managing their condition.",0.7761059
ae487d57,What are some practical tips for diabetic travelers to keep their insulin safe from temperature fluctuations?,"Answer: To protect insulin from temperature extremes during travel, use insulated bags for storage, avoid direct sunlight exposure, and never pack it in checked luggage. These steps help ensure the medication remains stable and effective.","Insulated bags, no direct sunlight, and carry-on luggage are key.",0.5568516
d4b4b08f,What type of gelatin is recommended for individuals with diabetes who are sick?,"Individuals with diabetes should choose gelatin that is not sugar-free when sick, as sugar-free options may not provide the necessary carbohydrates to prevent low blood glucose.","When ill, diabetic individuals should opt for gelatin that contains sugar. This is because their bodies require additional energy to fight off the illness, and sugar-free gelatin may not provide sufficient carbohydrates to prevent low blood glucose levels, which can be dangerous.",0.88809544
e6b92016,In what situations would a diabetes management disaster kit be particularly crucial?,"A diabetes management disaster kit becomes essential during situations where access to regular healthcare or supplies is disrupted, such as natural disasters, power outages, or other emergencies. It ensures that individuals with diabetes have the means to manage their condition until they can reach a healthcare provider.","A diabetes management disaster kit is crucial in emergency situations where access to regular healthcare and supplies may be disrupted, such as natural disasters or power outages. It ensures individuals with diabetes can maintain their health and manage their blood sugar levels effectively until they receive further medical assistance. The kit typically includes essential medications, monitoring devices, insulin storage, and emergency contacts. Not having a disaster kit can lead to serious health complications and even hospitalization.",0.96916056
92b28ac6,"Besides diabetes medications, are there any other reasons why a person might experience high blood sugar levels?","Yes, hyperglycemia can occur due to factors other than diabetes medications. These include overeating, lack of physical activity, infections, illnesses, stress, or certain medications.","Hyperglycemia, or high blood sugar, can be caused by a variety of factors beyond diabetes medication non-adherence. These include lifestyle factors such as overeating and lack of physical activity, as well as infections, illnesses, stress, and certain medications. Additionally, insulin deficiency or malfunction can lead to hyperglycemia, as insulin is crucial for regulating blood sugar levels by facilitating glucose uptake into cells.",0.7955463
68e83057,What are the health benefits of limiting screen time for children and adolescents?,Answer: Limiting screen time encourages more physical activity and can contribute to better diabetes management.,"Reducing screen time is beneficial for children and adolescents with diabetes as it encourages physical activity, which is essential for blood glucose control and overall health.",0.8601872
93336756,"Question: How can staying hydrated help manage blood sugar levels for individuals with diabetes, especially when they are ill?","Answer: Drinking plenty of fluids helps regulate blood glucose levels, which is crucial for individuals with diabetes, particularly during illness. When sick, the body's need for fluids increases, and dehydration can worsen blood sugar control.","Staying hydrated is a crucial aspect of managing blood sugar levels for individuals with diabetes, especially when they are ill. Adequate fluid intake helps regulate blood glucose levels and prevents dehydration, which can be worsened by increased urination associated with high blood glucose. Prioritize drinking water, clear broth, and unsweetened beverages, and avoid sugary drinks that may negatively impact blood sugar control.",0.69446015
